
CREATE TABLE SUPPLIERS
(SNUM CHAR(5) NOT NULL,
 SNAME CHAR(15),
 STATUS INT,
 CITY CHAR(15),
SUPPLIERS_ID_SEQ INT);

ALTER TABLE SUPPLIERS
ADD CONSTRAINT PK_SUPPLIERS
PRIMARY KEY (SNUM);

CREATE TABLE PARTS
(PNUM CHAR(5) NOT NULL,
 PNAME CHAR(15),
 COLOR CHAR(15),
 WEIGHT INT,
 CITY CHAR(15),
 PARTS_ID_SEQ INT);

ALTER TABLE PARTS
ADD CONSTRAINT PK_PARTS
PRIMARY KEY (PNUM);

CREATE TABLE SHIPMENTS
(SNUM CHAR(5) NOT NULL,
 PNUM CHAR(5) NOT NULL,
 QTY INT);

ALTER TABLE SHIPMENTS 
ADD CONSTRAINT SUPPLIERS_FK_SHIPMENTS
FOREIGN KEY (SNUM) REFERENCES SUPPLIERS (SNUM);

ALTER TABLE SHIPMENTS 
ADD CONSTRAINT PARTS_FK_SHIPMENTS
FOREIGN KEY (PNUM) REFERENCES PARTS (PNUM);

CREATE SEQUENCE SUPPLIERS_ID_SEQ;
CREATE SEQUENCE PARTS_ID_SEQ;



INSERT INTO SUPPLIERS VALUES ('S1', 'SMITH', 20, 'LONDON', SUPPLIERS_ID_SEQ.nextval);
INSERT INTO SUPPLIERS VALUES ('S2', 'JONES', 10, 'PARIS', SUPPLIERS_ID_SEQ.nextval);
INSERT INTO SUPPLIERS VALUES ('S3', 'BLAKE', 30, 'PARIS', SUPPLIERS_ID_SEQ.nextval);
INSERT INTO SUPPLIERS VALUES ('S4', 'CLARK', 20, 'LONDON', SUPPLIERS_ID_SEQ.nextval);
INSERT INTO SUPPLIERS VALUES ('S5', 'ADAMS', 30, 'ATHENS', SUPPLIERS_ID_SEQ.nextval);
INSERT INTO SUPPLIERS VALUES ('S6', 'ADAMS', Null, 'ATHENS', SUPPLIERS_ID_SEQ.nextval);
INSERT INTO SUPPLIERS VALUES ('S7', 'SJSU', '60' , 'SV', SUPPLIERS_ID_SEQ.nextval);



INSERT INTO PARTS VALUES ('P1', 'NUT', 'RED', 12, 'LONDON', PARTS_ID_SEQ.nextval);
INSERT INTO PARTS VALUES ('P2', 'BOLT', 'GREEN', 17, 'PARIS', PARTS_ID_SEQ.nextval);
INSERT INTO PARTS VALUES ('P3', 'SCREW', 'BLUE', 17, 'ROME', PARTS_ID_SEQ.nextval);
INSERT INTO PARTS VALUES ('P4', 'SCREW', 'RED', 14, 'LONDON', PARTS_ID_SEQ.nextval);
INSERT INTO PARTS VALUES ('P5', 'CAM', 'BLUE', 12, 'PARIS', PARTS_ID_SEQ.nextval);
INSERT INTO PARTS VALUES ('P6', 'COG', 'RED', 19, 'LONDON', PARTS_ID_SEQ.nextval);
INSERT INTO PARTS VALUES ('P7', 'TCOG', 'RED', 25, 'TSV', PARTS_ID_SEQ.nextval);


INSERT INTO SHIPMENTS VALUES ('S1', 'P1', 300);
INSERT INTO SHIPMENTS VALUES ('S1', 'P2', 200);
INSERT INTO SHIPMENTS VALUES ('S1', 'P3', 400);
INSERT INTO SHIPMENTS VALUES ('S1', 'P4', 200);
INSERT INTO SHIPMENTS VALUES ('S1', 'P5', 100);
INSERT INTO SHIPMENTS VALUES ('S1', 'P6', 100);
INSERT INTO SHIPMENTS VALUES ('S2', 'P1', 300);
INSERT INTO SHIPMENTS VALUES ('S2', 'P2', 400);
INSERT INTO SHIPMENTS VALUES ('S3', 'P2', 200);
INSERT INTO SHIPMENTS VALUES ('S4', 'P2', 200);
INSERT INTO SHIPMENTS VALUES ('S4', 'P4', 300);
INSERT INTO SHIPMENTS VALUES ('S4', 'P5', 400);


