DROP TABLE EMPLOYEE;

REMARK Create the EMPLOYEE table
CREATE TABLE EMPLOYEE
(PRIKEY VARCHAR2(10) NOT NULL,
 FNAME VARCHAR2(10),
 MINIT VARCHAR2(1),
 LNAME VARCHAR2(10),
 SSN VARCHAR2(10),
 BDATE VARCHAR2(10),
 ADDRESS VARCHAR2(30),
 SEX VARCHAR2(1),
 SALARY NUMBER(20),
 SUPERPRIKEY VARCHAR2(12),
 SUPERSSN VARCHAR2(12),
 DNO NUMBER(8),
 EMPLOYEE_SEQ INT);

REMARK we're going to add a primary key
ALTER TABLE EMPLOYEE
ADD CONSTRAINT PK_EMPLOYEE
PRIMARY KEY (PRIKEY);

DROP TABLE DEPARTMENT;

REMARK Create the DEPARTMENT table
CREATE TABLE DEPARTMENT
(DNAME VARCHAR2(15),
 DNUMBER NUMBER(10) NOT NULL,
 MGRPRIKEY VARCHAR2(12),
 MGRSSN  VARCHAR2(12),
 MGRSTARTDATE VARCHAR2(10),
 DEPARTMENT_SEQ INT);

REMARK we're going to add a primary key
ALTER TABLE DEPARTMENT
ADD CONSTRAINT PK_DEPARTMENT
PRIMARY KEY (DNUMBER);

REMARK add a foreign key that references the EMPLOYEE table
ALTER TABLE DEPARTMENT
ADD CONSTRAINT EMPLOYEE_FK_DEPARTMENT
FOREIGN KEY (MGRPRIKEY) REFERENCES EMPLOYEE (PRIKEY);

DROP TABLE PROJECT;

REMARK Create the PROJECT table
CREATE TABLE PROJECT
(PNAME VARCHAR2(20),   
 PNUMBER NUMBER(8) NOT NULL,
 PLOCATION VARCHAR2(15),
 DNUM NUMBER(8),
 PROJECT_SEQ INT);

REMARK add a primary key to the PROJECT table
ALTER TABLE PROJECT
ADD CONSTRAINT PK_PROJECT
PRIMARY KEY (PNUMBER);

DROP TABLE DEPENDENT;

REMARK Create the DEPENDENT table
CREATE TABLE DEPENDENT
(DEPRIKEY VARCHAR2(12) NOT NULL,
 DEPSSN VARCHAR2(12),
 DEPENDENT_NAME VARCHAR2(10),
 SEX VARCHAR2(1),
 BDATE VARCHAR2(10),
 RELATIONSHIP VARCHAR2(10),
 DEPENDENT_SEQ INT);

REMARK add a foreign key that references the EMPLOYEE table
ALTER TABLE DEPENDENT
ADD CONSTRAINT EMPLOYEE_FK_DEPENDENT
FOREIGN KEY (DEPRIKEY) REFERENCES EMPLOYEE (PRIKEY);

DROP TABLE WORKS_ON;

REMARK Create the WORKS_ON table
CREATE TABLE WORKS_ON
(WPRIKEY VARCHAR2(12),
 WSSN VARCHAR2(12),
 PNO NUMBER(20),
 HOURS NUMBER(20),
 WORKS_ON_SEQ INT);

REMARK add a foreign key that references the EMPLOYEE table
ALTER TABLE WORKS_ON
ADD CONSTRAINT EMPLOYEE_FK_WORKS_ON
FOREIGN KEY (WPRIKEY) REFERENCES EMPLOYEE (PRIKEY);

DROP TABLE DEPT_LOCATION;

REMARK Create the DEPT_LOCATION table
CREATE TABLE DEPT_LOCATION
(DNUMBER NUMBER(8),
 DLOCATION VARCHAR2(15),
 DEPT_LOCATION_SEQ INT);

REMARK add a foreign key that references the DEPARTMENT table
ALTER TABLE DEPARTMENT
ADD CONSTRAINT DEPARTMENT_FK_DEPT_LOCATION
FOREIGN KEY (DNUMBER) REFERENCES DEPARTMENT (DNUMBER);

REMARK create all of the sequences
DROP SEQUENCE EMPLOYEE_SEQ;
CREATE SEQUENCE EMPLOYEE_SEQ
START WITH 1
INCREMENT BY 1;


DROP SEQUENCE DEPARTMENT_SEQ;
CREATE SEQUENCE DEPARTMENT_SEQ
START WITH 1
INCREMENT BY 1;


DROP SEQUENCE PROJECT_SEQ;
CREATE SEQUENCE PROJECT_SEQ
START WITH 1
INCREMENT BY 1;

DROP SEQUENCE DEPENDENT_SEQ;
CREATE SEQUENCE DEPENDENT_SEQ
START WITH 1
INCREMENT BY 1;

DROP SEQUENCE WORKS_ON_SEQ;
CREATE SEQUENCE WORKS_ON_SEQ
START WITH 1
INCREMENT BY 1;

DROP SEQUENCE DEPT_LOCATION_SEQ;
CREATE SEQUENCE DEPT_LOCATION_SEQ
START WITH 1
INCREMENT BY 1;
INSERT INTO EMPLOYEE VALUES ('1', 'JOHN', 'B', 'SMITH', '123456789', '1965-01-09', '731 FONDREN, HOUSTON, TX', 'M', 30000, '2','333445555', 5, EMPLOYEE_SEQ.nextval);
INSERT INTO EMPLOYEE VALUES ('2', 'FRANKLIN', 'T', 'WONG', '333445555', '1955-12-08', '638 VOSS, HOUSTON, TX', 'M', 40000, '8','888665555', 5, EMPLOYEE_SEQ.nextval);
INSERT INTO EMPLOYEE VALUES ('3', 'ALICIA', 'J', 'ZELAYA', '999887777', '1968-07-19', '3321 CASTLE, SPRING, TX', 'F', 25000, '4','987654321', 4, EMPLOYEE_SEQ.nextval);
INSERT INTO EMPLOYEE VALUES ('4', 'JENNIFER', 'S', 'WALLACE', '987654321', '1941-06-20', '291 BERRY, BELLAIRE, TX', 'F', 43000, '8','888665555', 4, EMPLOYEE_SEQ.nextval);
INSERT INTO EMPLOYEE VALUES ('5', 'RAMESH', 'K', 'NARAYAN', '666884444', '1962-09-15', '975 FIRE OAK, HUMBLE, TX', 'M', 38000, '2','333445555', 5, EMPLOYEE_SEQ.nextval);
INSERT INTO EMPLOYEE VALUES ('6', 'JOYCE', 'A', 'ENGLISH', '453453453', '1972-07-31', '5631 RICE, HOUSTON, TX', 'F', 25000, '2','333445555', 5, EMPLOYEE_SEQ.nextval);
INSERT INTO EMPLOYEE VALUES ('7', 'AHMAD', 'V', 'JABBAR', '987987987', '1969-03-29', '980 DALLAS, HOUSTON, TX', 'M', 25000, '4','987654321', 4, EMPLOYEE_SEQ.nextval);
INSERT INTO EMPLOYEE VALUES ('8', 'JAMES', 'E', 'BORG', '888665555', '1937-11-10', '450 STONE, HOUSTON, TX', 'M', 55000, 'NULL','NULL', 1, EMPLOYEE_SEQ.nextval);

INSERT INTO DEPARTMENT VALUES ('RESEARCH', 5, 2, '333445555', '1988-05-22', DEPARTMENT_SEQ.nextval);
INSERT INTO DEPARTMENT VALUES ('ADMINISTRATION', 4, 4, '987654321', '1995-01-01', DEPARTMENT_SEQ.nextval);
INSERT INTO DEPARTMENT VALUES ('HEADQUARTERS', 1, 8, '888665555', '1981-06-19', DEPARTMENT_SEQ.nextval);


INSERT INTO PROJECT VALUES ('PRODUCTX', 1, 'BELLAIRE', 5, PROJECT_SEQ.nextval);
INSERT INTO PROJECT VALUES ('PRODUCTY', 2, 'SUGARLAND', 5, PROJECT_SEQ.nextval);
INSERT INTO PROJECT VALUES ('PRODUCTZ', 3, 'HOUSTON', 5, PROJECT_SEQ.nextval);
INSERT INTO PROJECT VALUES ('COMPUTERIZATION', 10, 'STAFFORD', 4, PROJECT_SEQ.nextval);
INSERT INTO PROJECT VALUES ('REORGANIZATION', 20, 'HOUSTON', 1, PROJECT_SEQ.nextval);
INSERT INTO PROJECT VALUES ('NEWBENEFITS', 30, 'STAFFORD', 4, PROJECT_SEQ.nextval);


INSERT INTO DEPENDENT VALUES (2, '333445555', 'ALICE', 'F', '1986-04-05', 'DAUGHTER', DEPENDENT_SEQ.nextval);
INSERT INTO DEPENDENT VALUES (2, '333445555', 'THEODORE', 'M', '1983-10-25', 'SON', DEPENDENT_SEQ.nextval);
INSERT INTO DEPENDENT VALUES (2, '333445555', 'JOY', 'F', '1958-05-03', 'SPOUSE', DEPENDENT_SEQ.nextval);
INSERT INTO DEPENDENT VALUES (4, '987654321', 'ABNER', 'M', '1942-02-28', 'SPOUSE', DEPENDENT_SEQ.nextval);
INSERT INTO DEPENDENT VALUES (1, '123456789', 'MICHAEL', 'M', '1988-01-04', 'SON', DEPENDENT_SEQ.nextval);
INSERT INTO DEPENDENT VALUES (1, '123456789', 'ALICE', 'F', '1988-12-30', 'DAUGHTER', DEPENDENT_SEQ.nextval);
INSERT INTO DEPENDENT VALUES (1, '123456789', 'ELIZABETH', 'F', '1967-05-05', 'SPOUSE', DEPENDENT_SEQ.nextval);

INSERT INTO WORKS_ON VALUES (1, '123456789', 1, 32.5, WORKS_ON_SEQ.nextval);
INSERT INTO WORKS_ON VALUES (1, '123456789', 2, 7.5, WORKS_ON_SEQ.nextval);
INSERT INTO WORKS_ON VALUES (5, '666884444', 3, 40.0, WORKS_ON_SEQ.nextval);
INSERT INTO WORKS_ON VALUES (6, '453453453', 1, 20.0, WORKS_ON_SEQ.nextval);
INSERT INTO WORKS_ON VALUES (6, '453453453', 2, 20.0, WORKS_ON_SEQ.nextval);
INSERT INTO WORKS_ON VALUES (2, '333445555', 2, 10.0, WORKS_ON_SEQ.nextval);
INSERT INTO WORKS_ON VALUES (2, '333445555', 3, 10.0, WORKS_ON_SEQ.nextval);
INSERT INTO WORKS_ON VALUES (2, '333445555', 10, 10.0, WORKS_ON_SEQ.nextval);
INSERT INTO WORKS_ON VALUES (2, '333445555', 20, 10.0, WORKS_ON_SEQ.nextval);
INSERT INTO WORKS_ON VALUES (3, '999887777', 30, 30.0, WORKS_ON_SEQ.nextval);
INSERT INTO WORKS_ON VALUES (3, '999887777', 10, 10.0, WORKS_ON_SEQ.nextval);
INSERT INTO WORKS_ON VALUES (7, '987987987', 10, 35.0, WORKS_ON_SEQ.nextval);
INSERT INTO WORKS_ON VALUES (7, '987987987', 30, 5.0, WORKS_ON_SEQ.nextval);
INSERT INTO WORKS_ON VALUES (4, '987654321', 30, 20.0, WORKS_ON_SEQ.nextval);
INSERT INTO WORKS_ON VALUES (4, '987654321', 20, 15.0, WORKS_ON_SEQ.nextval);
INSERT INTO WORKS_ON VALUES (8, '888665555', 20, NULL, WORKS_ON_SEQ.nextval);


INSERT INTO DEPT_LOCATION VALUES (1, 'HOUSTON', DEPT_LOCATION_SEQ.nextval);
INSERT INTO DEPT_LOCATION VALUES (4, 'STAFFORD', DEPT_LOCATION_SEQ.nextval);
INSERT INTO DEPT_LOCATION VALUES (5, 'BELLAIRE', DEPT_LOCATION_SEQ.nextval);
INSERT INTO DEPT_LOCATION VALUES (5, 'SUGARLAND', DEPT_LOCATION_SEQ.nextval);
INSERT INTO DEPT_LOCATION VALUES (5, 'HOUSTON', DEPT_LOCATION_SEQ.nextval);


